fid,InputID,TargetID
"1","420115087000",1333A
"2","420115087000",1334A
"3","420115087000",1332A
"4","420115087000",1325A
"5","420115087000",1330A
"6","420115087000",1327A
"7","420115087000",1331A
"8","420115087000",1326A
"9","420115087000",1329A
"10","420115087000",1328A
"11","420116006000",1333A
"12","420116006000",1334A
"13","420116006000",1332A
"14","420116006000",1325A
"15","420116006000",1330A
"16","420116006000",1327A
"17","420116006000",1331A
"18","420116006000",1326A
"19","420116006000",1329A
"20","420116006000",1328A
"21","420116011000",1333A
"22","420116011000",1334A
"23","420116011000",1332A
"24","420116011000",1325A
"25","420116011000",1330A
"26","420116011000",1327A
"27","420116011000",1331A
"28","420116011000",1326A
"29","420116011000",1329A
"30","420116011000",1328A
"31","420115005000",1333A
"32","420115005000",1334A
"33","420115005000",1332A
"34","420115005000",1325A
"35","420115005000",1330A
"36","420115005000",1327A
"37","420115005000",1331A
"38","420115005000",1326A
"39","420115005000",1329A
"40","420115005000",1328A
"41","420116002000",1333A
"42","420116002000",1334A
"43","420116002000",1332A
"44","420116002000",1325A
"45","420116002000",1330A
"46","420116002000",1327A
"47","420116002000",1331A
"48","420116002000",1326A
"49","420116002000",1329A
"50","420116002000",1328A
"51","420112002000",1333A
"52","420112002000",1334A
"53","420112002000",1332A
"54","420112002000",1325A
"55","420112002000",1330A
"56","420112002000",1327A
"57","420112002000",1331A
"58","420112002000",1326A
"59","420112002000",1329A
"60","420112002000",1328A
"61","420116015000",1333A
"62","420116015000",1334A
"63","420116015000",1332A
"64","420116015000",1325A
"65","420116015000",1330A
"66","420116015000",1327A
"67","420116015000",1331A
"68","420116015000",1326A
"69","420116015000",1329A
"70","420116015000",1328A
"71","420116003000",1333A
"72","420116003000",1334A
"73","420116003000",1332A
"74","420116003000",1325A
"75","420116003000",1330A
"76","420116003000",1327A
"77","420116003000",1331A
"78","420116003000",1326A
"79","420116003000",1329A
"80","420116003000",1328A
"81","420116013000",1333A
"82","420116013000",1334A
"83","420116013000",1332A
"84","420116013000",1325A
"85","420116013000",1330A
"86","420116013000",1327A
"87","420116013000",1331A
"88","420116013000",1326A
"89","420116013000",1329A
"90","420116013000",1328A
"91","420116004000",1333A
"92","420116004000",1334A
"93","420116004000",1332A
"94","420116004000",1325A
"95","420116004000",1330A
"96","420116004000",1327A
"97","420116004000",1331A
"98","420116004000",1326A
"99","420116004000",1329A
"100","420116004000",1328A
"101","420106015000",1333A
"102","420106015000",1334A
"103","420106015000",1332A
"104","420106015000",1325A
"105","420106015000",1330A
"106","420106015000",1327A
"107","420106015000",1331A
"108","420106015000",1326A
"109","420106015000",1329A
"110","420106015000",1328A
"111","420106001000",1333A
"112","420106001000",1334A
"113","420106001000",1332A
"114","420106001000",1325A
"115","420106001000",1330A
"116","420106001000",1327A
"117","420106001000",1331A
"118","420106001000",1326A
"119","420106001000",1329A
"120","420106001000",1328A
"121","420117102000",1333A
"122","420117102000",1334A
"123","420117102000",1332A
"124","420117102000",1325A
"125","420117102000",1330A
"126","420117102000",1327A
"127","420117102000",1331A
"128","420117102000",1326A
"129","420117102000",1329A
"130","420117102000",1328A
"131","420117003000",1333A
"132","420117003000",1334A
"133","420117003000",1332A
"134","420117003000",1325A
"135","420117003000",1330A
"136","420117003000",1327A
"137","420117003000",1331A
"138","420117003000",1326A
"139","420117003000",1329A
"140","420117003000",1328A
"141","420117006000",1333A
"142","420117006000",1334A
"143","420117006000",1332A
"144","420117006000",1325A
"145","420117006000",1330A
"146","420117006000",1327A
"147","420117006000",1331A
"148","420117006000",1326A
"149","420117006000",1329A
"150","420117006000",1328A
"151","420117002000",1333A
"152","420117002000",1334A
"153","420117002000",1332A
"154","420117002000",1325A
"155","420117002000",1330A
"156","420117002000",1327A
"157","420117002000",1331A
"158","420117002000",1326A
"159","420117002000",1329A
"160","420117002000",1328A
"161","420117005000",1333A
"162","420117005000",1334A
"163","420117005000",1332A
"164","420117005000",1325A
"165","420117005000",1330A
"166","420117005000",1327A
"167","420117005000",1331A
"168","420117005000",1326A
"169","420117005000",1329A
"170","420117005000",1328A
"171","420117007000",1333A
"172","420117007000",1334A
"173","420117007000",1332A
"174","420117007000",1325A
"175","420117007000",1330A
"176","420117007000",1327A
"177","420117007000",1331A
"178","420117007000",1326A
"179","420117007000",1329A
"180","420117007000",1328A
"181","420117001000",1333A
"182","420117001000",1334A
"183","420117001000",1332A
"184","420117001000",1325A
"185","420117001000",1330A
"186","420117001000",1327A
"187","420117001000",1331A
"188","420117001000",1326A
"189","420117001000",1329A
"190","420117001000",1328A
"191","420117004000",1333A
"192","420117004000",1334A
"193","420117004000",1332A
"194","420117004000",1325A
"195","420117004000",1330A
"196","420117004000",1327A
"197","420117004000",1331A
"198","420117004000",1326A
"199","420117004000",1329A
"200","420117004000",1328A
"201","420114200000",1333A
"202","420114200000",1334A
"203","420114200000",1332A
"204","420114200000",1325A
"205","420114200000",1330A
"206","420114200000",1327A
"207","420114200000",1331A
"208","420114200000",1326A
"209","420114200000",1329A
"210","420114200000",1328A
"211","420114071000",1333A
"212","420114071000",1334A
"213","420114071000",1332A
"214","420114071000",1325A
"215","420114071000",1330A
"216","420114071000",1327A
"217","420114071000",1331A
"218","420114071000",1326A
"219","420114071000",1329A
"220","420114071000",1328A
"221","420114007000",1333A
"222","420114007000",1334A
"223","420114007000",1332A
"224","420114007000",1325A
"225","420114007000",1330A
"226","420114007000",1327A
"227","420114007000",1331A
"228","420114007000",1326A
"229","420114007000",1329A
"230","420114007000",1328A
"231","420114005000",1333A
"232","420114005000",1334A
"233","420114005000",1332A
"234","420114005000",1325A
"235","420114005000",1330A
"236","420114005000",1327A
"237","420114005000",1331A
"238","420114005000",1326A
"239","420114005000",1329A
"240","420114005000",1328A
"241","420114003000",1333A
"242","420114003000",1334A
"243","420114003000",1332A
"244","420114003000",1325A
"245","420114003000",1330A
"246","420114003000",1327A
"247","420114003000",1331A
"248","420114003000",1326A
"249","420114003000",1329A
"250","420114003000",1328A
"251","420112011000",1333A
"252","420112011000",1334A
"253","420112011000",1332A
"254","420112011000",1325A
"255","420112011000",1330A
"256","420112011000",1327A
"257","420112011000",1331A
"258","420112011000",1326A
"259","420112011000",1329A
"260","420112011000",1328A
"261","420112001000",1333A
"262","420112001000",1334A
"263","420112001000",1332A
"264","420112001000",1325A
"265","420112001000",1330A
"266","420112001000",1327A
"267","420112001000",1331A
"268","420112001000",1326A
"269","420112001000",1329A
"270","420112001000",1328A
"271","420112004000",1333A
"272","420112004000",1334A
"273","420112004000",1332A
"274","420112004000",1325A
"275","420112004000",1330A
"276","420112004000",1327A
"277","420112004000",1331A
"278","420112004000",1326A
"279","420112004000",1329A
"280","420112004000",1328A
"281","420112012000",1333A
"282","420112012000",1334A
"283","420112012000",1332A
"284","420112012000",1325A
"285","420112012000",1330A
"286","420112012000",1327A
"287","420112012000",1331A
"288","420112012000",1326A
"289","420112012000",1329A
"290","420112012000",1328A
"291","420112008000",1333A
"292","420112008000",1334A
"293","420112008000",1332A
"294","420112008000",1325A
"295","420112008000",1330A
"296","420112008000",1327A
"297","420112008000",1331A
"298","420112008000",1326A
"299","420112008000",1329A
"300","420112008000",1328A
"301","420112007000",1333A
"302","420112007000",1334A
"303","420112007000",1332A
"304","420112007000",1325A
"305","420112007000",1330A
"306","420112007000",1327A
"307","420112007000",1331A
"308","420112007000",1326A
"309","420112007000",1329A
"310","420112007000",1328A
"311","420112006000",1333A
"312","420112006000",1334A
"313","420112006000",1332A
"314","420112006000",1325A
"315","420112006000",1330A
"316","420112006000",1327A
"317","420112006000",1331A
"318","420112006000",1326A
"319","420112006000",1329A
"320","420112006000",1328A
"321","420105006000",1333A
"322","420105006000",1334A
"323","420105006000",1332A
"324","420105006000",1325A
"325","420105006000",1330A
"326","420105006000",1327A
"327","420105006000",1331A
"328","420105006000",1326A
"329","420105006000",1329A
"330","420105006000",1328A
"331","420105007000",1333A
"332","420105007000",1334A
"333","420105007000",1332A
"334","420105007000",1325A
"335","420105007000",1330A
"336","420105007000",1327A
"337","420105007000",1331A
"338","420105007000",1326A
"339","420105007000",1329A
"340","420105007000",1328A
"341","420105005000",1333A
"342","420105005000",1334A
"343","420105005000",1332A
"344","420105005000",1325A
"345","420105005000",1330A
"346","420105005000",1327A
"347","420105005000",1331A
"348","420105005000",1326A
"349","420105005000",1329A
"350","420105005000",1328A
"351","420105011000",1333A
"352","420105011000",1334A
"353","420105011000",1332A
"354","420105011000",1325A
"355","420105011000",1330A
"356","420105011000",1327A
"357","420105011000",1331A
"358","420105011000",1326A
"359","420105011000",1329A
"360","420105011000",1328A
"361","420104010000",1333A
"362","420104010000",1334A
"363","420104010000",1332A
"364","420104010000",1325A
"365","420104010000",1330A
"366","420104010000",1327A
"367","420104010000",1331A
"368","420104010000",1326A
"369","420104010000",1329A
"370","420104010000",1328A
"371","420104005000",1333A
"372","420104005000",1334A
"373","420104005000",1332A
"374","420104005000",1325A
"375","420104005000",1330A
"376","420104005000",1327A
"377","420104005000",1331A
"378","420104005000",1326A
"379","420104005000",1329A
"380","420104005000",1328A
"381","420104006000",1333A
"382","420104006000",1334A
"383","420104006000",1332A
"384","420104006000",1325A
"385","420104006000",1330A
"386","420104006000",1327A
"387","420104006000",1331A
"388","420104006000",1326A
"389","420104006000",1329A
"390","420104006000",1328A
"391","420103006000",1333A
"392","420103006000",1334A
"393","420103006000",1332A
"394","420103006000",1325A
"395","420103006000",1330A
"396","420103006000",1327A
"397","420103006000",1331A
"398","420103006000",1326A
"399","420103006000",1329A
"400","420103006000",1328A
"401","420103010000",1333A
"402","420103010000",1334A
"403","420103010000",1332A
"404","420103010000",1325A
"405","420103010000",1330A
"406","420103010000",1327A
"407","420103010000",1331A
"408","420103010000",1326A
"409","420103010000",1329A
"410","420103010000",1328A
"411","420103013000",1333A
"412","420103013000",1334A
"413","420103013000",1332A
"414","420103013000",1325A
"415","420103013000",1330A
"416","420103013000",1327A
"417","420103013000",1331A
"418","420103013000",1326A
"419","420103013000",1329A
"420","420103013000",1328A
"421","420103001000",1333A
"422","420103001000",1334A
"423","420103001000",1332A
"424","420103001000",1325A
"425","420103001000",1330A
"426","420103001000",1327A
"427","420103001000",1331A
"428","420103001000",1326A
"429","420103001000",1329A
"430","420103001000",1328A
"431","420103011000",1333A
"432","420103011000",1334A
"433","420103011000",1332A
"434","420103011000",1325A
"435","420103011000",1330A
"436","420103011000",1327A
"437","420103011000",1331A
"438","420103011000",1326A
"439","420103011000",1329A
"440","420103011000",1328A
"441","420103012000",1333A
"442","420103012000",1334A
"443","420103012000",1332A
"444","420103012000",1325A
"445","420103012000",1330A
"446","420103012000",1327A
"447","420103012000",1331A
"448","420103012000",1326A
"449","420103012000",1329A
"450","420103012000",1328A
"451","420103003000",1333A
"452","420103003000",1334A
"453","420103003000",1332A
"454","420103003000",1325A
"455","420103003000",1330A
"456","420103003000",1327A
"457","420103003000",1331A
"458","420103003000",1326A
"459","420103003000",1329A
"460","420103003000",1328A
"461","420103009000",1333A
"462","420103009000",1334A
"463","420103009000",1332A
"464","420103009000",1325A
"465","420103009000",1330A
"466","420103009000",1327A
"467","420103009000",1331A
"468","420103009000",1326A
"469","420103009000",1329A
"470","420103009000",1328A
"471","420103005000",1333A
"472","420103005000",1334A
"473","420103005000",1332A
"474","420103005000",1325A
"475","420103005000",1330A
"476","420103005000",1327A
"477","420103005000",1331A
"478","420103005000",1326A
"479","420103005000",1329A
"480","420103005000",1328A
"481","420103004000",1333A
"482","420103004000",1334A
"483","420103004000",1332A
"484","420103004000",1325A
"485","420103004000",1330A
"486","420103004000",1327A
"487","420103004000",1331A
"488","420103004000",1326A
"489","420103004000",1329A
"490","420103004000",1328A
"491","420103002000",1333A
"492","420103002000",1334A
"493","420103002000",1332A
"494","420103002000",1325A
"495","420103002000",1330A
"496","420103002000",1327A
"497","420103002000",1331A
"498","420103002000",1326A
"499","420103002000",1329A
"500","420103002000",1328A
"501","420103007000",1333A
"502","420103007000",1334A
"503","420103007000",1332A
"504","420103007000",1325A
"505","420103007000",1330A
"506","420103007000",1327A
"507","420103007000",1331A
"508","420103007000",1326A
"509","420103007000",1329A
"510","420103007000",1328A
"511","420102006000",1333A
"512","420102006000",1334A
"513","420102006000",1332A
"514","420102006000",1325A
"515","420102006000",1330A
"516","420102006000",1327A
"517","420102006000",1331A
"518","420102006000",1326A
"519","420102006000",1329A
"520","420102006000",1328A
"521","420102014000",1333A
"522","420102014000",1334A
"523","420102014000",1332A
"524","420102014000",1325A
"525","420102014000",1330A
"526","420102014000",1327A
"527","420102014000",1331A
"528","420102014000",1326A
"529","420102014000",1329A
"530","420102014000",1328A
"531","420102016000",1333A
"532","420102016000",1334A
"533","420102016000",1332A
"534","420102016000",1325A
"535","420102016000",1330A
"536","420102016000",1327A
"537","420102016000",1331A
"538","420102016000",1326A
"539","420102016000",1329A
"540","420102016000",1328A
"541","420102008000",1333A
"542","420102008000",1334A
"543","420102008000",1332A
"544","420102008000",1325A
"545","420102008000",1330A
"546","420102008000",1327A
"547","420102008000",1331A
"548","420102008000",1326A
"549","420102008000",1329A
"550","420102008000",1328A
"551","420102002000",1333A
"552","420102002000",1334A
"553","420102002000",1332A
"554","420102002000",1325A
"555","420102002000",1330A
"556","420102002000",1327A
"557","420102002000",1331A
"558","420102002000",1326A
"559","420102002000",1329A
"560","420102002000",1328A
"561","420102015000",1333A
"562","420102015000",1334A
"563","420102015000",1332A
"564","420102015000",1325A
"565","420102015000",1330A
"566","420102015000",1327A
"567","420102015000",1331A
"568","420102015000",1326A
"569","420102015000",1329A
"570","420102015000",1328A
"571","420102004000",1333A
"572","420102004000",1334A
"573","420102004000",1332A
"574","420102004000",1325A
"575","420102004000",1330A
"576","420102004000",1327A
"577","420102004000",1331A
"578","420102004000",1326A
"579","420102004000",1329A
"580","420102004000",1328A
"581","420102005000",1333A
"582","420102005000",1334A
"583","420102005000",1332A
"584","420102005000",1325A
"585","420102005000",1330A
"586","420102005000",1327A
"587","420102005000",1331A
"588","420102005000",1326A
"589","420102005000",1329A
"590","420102005000",1328A
"591","420102007000",1333A
"592","420102007000",1334A
"593","420102007000",1332A
"594","420102007000",1325A
"595","420102007000",1330A
"596","420102007000",1327A
"597","420102007000",1331A
"598","420102007000",1326A
"599","420102007000",1329A
"600","420102007000",1328A
"601","420102009000",1333A
"602","420102009000",1334A
"603","420102009000",1332A
"604","420102009000",1325A
"605","420102009000",1330A
"606","420102009000",1327A
"607","420102009000",1331A
"608","420102009000",1326A
"609","420102009000",1329A
"610","420102009000",1328A
"611","420106005000",1333A
"612","420106005000",1334A
"613","420106005000",1332A
"614","420106005000",1325A
"615","420106005000",1330A
"616","420106005000",1327A
"617","420106005000",1331A
"618","420106005000",1326A
"619","420106005000",1329A
"620","420106005000",1328A
"621","420106014000",1333A
"622","420106014000",1334A
"623","420106014000",1332A
"624","420106014000",1325A
"625","420106014000",1330A
"626","420106014000",1327A
"627","420106014000",1331A
"628","420106014000",1326A
"629","420106014000",1329A
"630","420106014000",1328A
"631","420106010000",1333A
"632","420106010000",1334A
"633","420106010000",1332A
"634","420106010000",1325A
"635","420106010000",1330A
"636","420106010000",1327A
"637","420106010000",1331A
"638","420106010000",1326A
"639","420106010000",1329A
"640","420106010000",1328A
"641","420106006000",1333A
"642","420106006000",1334A
"643","420106006000",1332A
"644","420106006000",1325A
"645","420106006000",1330A
"646","420106006000",1327A
"647","420106006000",1331A
"648","420106006000",1326A
"649","420106006000",1329A
"650","420106006000",1328A
"651","420106007000",1333A
"652","420106007000",1334A
"653","420106007000",1332A
"654","420106007000",1325A
"655","420106007000",1330A
"656","420106007000",1327A
"657","420106007000",1331A
"658","420106007000",1326A
"659","420106007000",1329A
"660","420106007000",1328A
"661","420106009000",1333A
"662","420106009000",1334A
"663","420106009000",1332A
"664","420106009000",1325A
"665","420106009000",1330A
"666","420106009000",1327A
"667","420106009000",1331A
"668","420106009000",1326A
"669","420106009000",1329A
"670","420106009000",1328A
"671","420106008000",1333A
"672","420106008000",1334A
"673","420106008000",1332A
"674","420106008000",1325A
"675","420106008000",1330A
"676","420106008000",1327A
"677","420106008000",1331A
"678","420106008000",1326A
"679","420106008000",1329A
"680","420106008000",1328A
"681","420107003000",1333A
"682","420107003000",1334A
"683","420107003000",1332A
"684","420107003000",1325A
"685","420107003000",1330A
"686","420107003000",1327A
"687","420107003000",1331A
"688","420107003000",1326A
"689","420107003000",1329A
"690","420107003000",1328A
"691","420107010000",1333A
"692","420107010000",1334A
"693","420107010000",1332A
"694","420107010000",1325A
"695","420107010000",1330A
"696","420107010000",1327A
"697","420107010000",1331A
"698","420107010000",1326A
"699","420107010000",1329A
"700","420107010000",1328A
"701","420107006000",1333A
"702","420107006000",1334A
"703","420107006000",1332A
"704","420107006000",1325A
"705","420107006000",1330A
"706","420107006000",1327A
"707","420107006000",1331A
"708","420107006000",1326A
"709","420107006000",1329A
"710","420107006000",1328A
"711","420107002000",1333A
"712","420107002000",1334A
"713","420107002000",1332A
"714","420107002000",1325A
"715","420107002000",1330A
"716","420107002000",1327A
"717","420107002000",1331A
"718","420107002000",1326A
"719","420107002000",1329A
"720","420107002000",1328A
"721","420107005000",1333A
"722","420107005000",1334A
"723","420107005000",1332A
"724","420107005000",1325A
"725","420107005000",1330A
"726","420107005000",1327A
"727","420107005000",1331A
"728","420107005000",1326A
"729","420107005000",1329A
"730","420107005000",1328A
"731","420107001000",1333A
"732","420107001000",1334A
"733","420107001000",1332A
"734","420107001000",1325A
"735","420107001000",1330A
"736","420107001000",1327A
"737","420107001000",1331A
"738","420107001000",1326A
"739","420107001000",1329A
"740","420107001000",1328A
"741","420107004000",1333A
"742","420107004000",1334A
"743","420107004000",1332A
"744","420107004000",1325A
"745","420107004000",1330A
"746","420107004000",1327A
"747","420107004000",1331A
"748","420107004000",1326A
"749","420107004000",1329A
"750","420107004000",1328A
"751","420111009000",1333A
"752","420111009000",1334A
"753","420111009000",1332A
"754","420111009000",1325A
"755","420111009000",1330A
"756","420111009000",1327A
"757","420111009000",1331A
"758","420111009000",1326A
"759","420111009000",1329A
"760","420111009000",1328A
"761","420111004000",1333A
"762","420111004000",1334A
"763","420111004000",1332A
"764","420111004000",1325A
"765","420111004000",1330A
"766","420111004000",1327A
"767","420111004000",1331A
"768","420111004000",1326A
"769","420111004000",1329A
"770","420111004000",1328A
"771","420117011000",1333A
"772","420117011000",1334A
"773","420117011000",1332A
"774","420117011000",1325A
"775","420117011000",1330A
"776","420117011000",1327A
"777","420117011000",1331A
"778","420117011000",1326A
"779","420117011000",1329A
"780","420117011000",1328A
"781","420117010000",1333A
"782","420117010000",1334A
"783","420117010000",1332A
"784","420117010000",1325A
"785","420117010000",1330A
"786","420117010000",1327A
"787","420117010000",1331A
"788","420117010000",1326A
"789","420117010000",1329A
"790","420117010000",1328A
"791","420117009000",1333A
"792","420117009000",1334A
"793","420117009000",1332A
"794","420117009000",1325A
"795","420117009000",1330A
"796","420117009000",1327A
"797","420117009000",1331A
"798","420117009000",1326A
"799","420117009000",1329A
"800","420117009000",1328A
"801","420113001000",1333A
"802","420113001000",1334A
"803","420113001000",1332A
"804","420113001000",1325A
"805","420113001000",1330A
"806","420113001000",1327A
"807","420113001000",1331A
"808","420113001000",1326A
"809","420113001000",1329A
"810","420113001000",1328A
"811","420113004000",1333A
"812","420113004000",1334A
"813","420113004000",1332A
"814","420113004000",1325A
"815","420113004000",1330A
"816","420113004000",1327A
"817","420113004000",1331A
"818","420113004000",1326A
"819","420113004000",1329A
"820","420113004000",1328A
"821","420113003000",1333A
"822","420113003000",1334A
"823","420113003000",1332A
"824","420113003000",1325A
"825","420113003000",1330A
"826","420113003000",1327A
"827","420113003000",1331A
"828","420113003000",1326A
"829","420113003000",1329A
"830","420113003000",1328A
"831","420116008000",1333A
"832","420116008000",1334A
"833","420116008000",1332A
"834","420116008000",1325A
"835","420116008000",1330A
"836","420116008000",1327A
"837","420116008000",1331A
"838","420116008000",1326A
"839","420116008000",1329A
"840","420116008000",1328A
"841","420116010000",1333A
"842","420116010000",1334A
"843","420116010000",1332A
"844","420116010000",1325A
"845","420116010000",1330A
"846","420116010000",1327A
"847","420116010000",1331A
"848","420116010000",1326A
"849","420116010000",1329A
"850","420116010000",1328A
"851","420116009000",1333A
"852","420116009000",1334A
"853","420116009000",1332A
"854","420116009000",1325A
"855","420116009000",1330A
"856","420116009000",1327A
"857","420116009000",1331A
"858","420116009000",1326A
"859","420116009000",1329A
"860","420116009000",1328A
"861","420116012000",1333A
"862","420116012000",1334A
"863","420116012000",1332A
"864","420116012000",1325A
"865","420116012000",1330A
"866","420116012000",1327A
"867","420116012000",1331A
"868","420116012000",1326A
"869","420116012000",1329A
"870","420116012000",1328A
"871","420112014000",1333A
"872","420112014000",1334A
"873","420112014000",1332A
"874","420112014000",1325A
"875","420112014000",1330A
"876","420112014000",1327A
"877","420112014000",1331A
"878","420112014000",1326A
"879","420112014000",1329A
"880","420112014000",1328A
"881","420104009000",1333A
"882","420104009000",1334A
"883","420104009000",1332A
"884","420104009000",1325A
"885","420104009000",1330A
"886","420104009000",1327A
"887","420104009000",1331A
"888","420104009000",1326A
"889","420104009000",1329A
"890","420104009000",1328A
"891","420102012000",1333A
"892","420102012000",1334A
"893","420102012000",1332A
"894","420102012000",1325A
"895","420102012000",1330A
"896","420102012000",1327A
"897","420102012000",1331A
"898","420102012000",1326A
"899","420102012000",1329A
"900","420102012000",1328A
"901","420102010000",1333A
"902","420102010000",1334A
"903","420102010000",1332A
"904","420102010000",1325A
"905","420102010000",1330A
"906","420102010000",1327A
"907","420102010000",1331A
"908","420102010000",1326A
"909","420102010000",1329A
"910","420102010000",1328A
"911","420117012000",1333A
"912","420117012000",1334A
"913","420117012000",1332A
"914","420117012000",1325A
"915","420117012000",1330A
"916","420117012000",1327A
"917","420117012000",1331A
"918","420117012000",1326A
"919","420117012000",1329A
"920","420117012000",1328A
"921","420115008000",1333A
"922","420115008000",1334A
"923","420115008000",1332A
"924","420115008000",1325A
"925","420115008000",1330A
"926","420115008000",1327A
"927","420115008000",1331A
"928","420115008000",1326A
"929","420115008000",1329A
"930","420115008000",1328A
"931","420116007000",1333A
"932","420116007000",1334A
"933","420116007000",1332A
"934","420116007000",1325A
"935","420116007000",1330A
"936","420116007000",1327A
"937","420116007000",1331A
"938","420116007000",1326A
"939","420116007000",1329A
"940","420116007000",1328A
"941","420112005000",1333A
"942","420112005000",1334A
"943","420112005000",1332A
"944","420112005000",1325A
"945","420112005000",1330A
"946","420112005000",1327A
"947","420112005000",1331A
"948","420112005000",1326A
"949","420112005000",1329A
"950","420112005000",1328A
"951","420115015000",1333A
"952","420115015000",1334A
"953","420115015000",1332A
"954","420115015000",1325A
"955","420115015000",1330A
"956","420115015000",1327A
"957","420115015000",1331A
"958","420115015000",1326A
"959","420115015000",1329A
"960","420115015000",1328A
"961","420115014000",1333A
"962","420115014000",1334A
"963","420115014000",1332A
"964","420115014000",1325A
"965","420115014000",1330A
"966","420115014000",1327A
"967","420115014000",1331A
"968","420115014000",1326A
"969","420115014000",1329A
"970","420115014000",1328A
"971","420115009000",1333A
"972","420115009000",1334A
"973","420115009000",1332A
"974","420115009000",1325A
"975","420115009000",1330A
"976","420115009000",1327A
"977","420115009000",1331A
"978","420115009000",1326A
"979","420115009000",1329A
"980","420115009000",1328A
"981","420114004000",1333A
"982","420114004000",1334A
"983","420114004000",1332A
"984","420114004000",1325A
"985","420114004000",1330A
"986","420114004000",1327A
"987","420114004000",1331A
"988","420114004000",1326A
"989","420114004000",1329A
"990","420114004000",1328A
"991","420115003000",1333A
"992","420115003000",1334A
"993","420115003000",1332A
"994","420115003000",1325A
"995","420115003000",1330A
"996","420115003000",1327A
"997","420115003000",1331A
"998","420115003000",1326A
"999","420115003000",1329A
"1000","420115003000",1328A
"1001","420104008000",1333A
"1002","420104008000",1334A
"1003","420104008000",1332A
"1004","420104008000",1325A
"1005","420104008000",1330A
"1006","420104008000",1327A
"1007","420104008000",1331A
"1008","420104008000",1326A
"1009","420104008000",1329A
"1010","420104008000",1328A
"1011","420104012000",1333A
"1012","420104012000",1334A
"1013","420104012000",1332A
"1014","420104012000",1325A
"1015","420104012000",1330A
"1016","420104012000",1327A
"1017","420104012000",1331A
"1018","420104012000",1326A
"1019","420104012000",1329A
"1020","420104012000",1328A
"1021","420104001000",1333A
"1022","420104001000",1334A
"1023","420104001000",1332A
"1024","420104001000",1325A
"1025","420104001000",1330A
"1026","420104001000",1327A
"1027","420104001000",1331A
"1028","420104001000",1326A
"1029","420104001000",1329A
"1030","420104001000",1328A
"1031","420104011000",1333A
"1032","420104011000",1334A
"1033","420104011000",1332A
"1034","420104011000",1325A
"1035","420104011000",1330A
"1036","420104011000",1327A
"1037","420104011000",1331A
"1038","420104011000",1326A
"1039","420104011000",1329A
"1040","420104011000",1328A
"1041","420104002000",1333A
"1042","420104002000",1334A
"1043","420104002000",1332A
"1044","420104002000",1325A
"1045","420104002000",1330A
"1046","420104002000",1327A
"1047","420104002000",1331A
"1048","420104002000",1326A
"1049","420104002000",1329A
"1050","420104002000",1328A
"1051","420104003000",1333A
"1052","420104003000",1334A
"1053","420104003000",1332A
"1054","420104003000",1325A
"1055","420104003000",1330A
"1056","420104003000",1327A
"1057","420104003000",1331A
"1058","420104003000",1326A
"1059","420104003000",1329A
"1060","420104003000",1328A
"1061","420104004000",1333A
"1062","420104004000",1334A
"1063","420104004000",1332A
"1064","420104004000",1325A
"1065","420104004000",1330A
"1066","420104004000",1327A
"1067","420104004000",1331A
"1068","420104004000",1326A
"1069","420104004000",1329A
"1070","420104004000",1328A
"1071","420112015000",1333A
"1072","420112015000",1334A
"1073","420112015000",1332A
"1074","420112015000",1325A
"1075","420112015000",1330A
"1076","420112015000",1327A
"1077","420112015000",1331A
"1078","420112015000",1326A
"1079","420112015000",1329A
"1080","420112015000",1328A
"1081","420112013000",1333A
"1082","420112013000",1334A
"1083","420112013000",1332A
"1084","420112013000",1325A
"1085","420112013000",1330A
"1086","420112013000",1327A
"1087","420112013000",1331A
"1088","420112013000",1326A
"1089","420112013000",1329A
"1090","420112013000",1328A
"1091","420111061000",1333A
"1092","420111061000",1334A
"1093","420111061000",1332A
"1094","420111061000",1325A
"1095","420111061000",1330A
"1096","420111061000",1327A
"1097","420111061000",1331A
"1098","420111061000",1326A
"1099","420111061000",1329A
"1100","420111061000",1328A
"1101","420102018000",1333A
"1102","420102018000",1334A
"1103","420102018000",1332A
"1104","420102018000",1325A
"1105","420102018000",1330A
"1106","420102018000",1327A
"1107","420102018000",1331A
"1108","420102018000",1326A
"1109","420102018000",1329A
"1110","420102018000",1328A
"1111","420115088000",1333A
"1112","420115088000",1334A
"1113","420115088000",1332A
"1114","420115088000",1325A
"1115","420115088000",1330A
"1116","420115088000",1327A
"1117","420115088000",1331A
"1118","420115088000",1326A
"1119","420115088000",1329A
"1120","420115088000",1328A
"1121","420114070000",1333A
"1122","420114070000",1334A
"1123","420114070000",1332A
"1124","420114070000",1325A
"1125","420114070000",1330A
"1126","420114070000",1327A
"1127","420114070000",1331A
"1128","420114070000",1326A
"1129","420114070000",1329A
"1130","420114070000",1328A
"1131","420114072000",1333A
"1132","420114072000",1334A
"1133","420114072000",1332A
"1134","420114072000",1325A
"1135","420114072000",1330A
"1136","420114072000",1327A
"1137","420114072000",1331A
"1138","420114072000",1326A
"1139","420114072000",1329A
"1140","420114072000",1328A
"1141","420107008000",1333A
"1142","420107008000",1334A
"1143","420107008000",1332A
"1144","420107008000",1325A
"1145","420107008000",1330A
"1146","420107008000",1327A
"1147","420107008000",1331A
"1148","420107008000",1326A
"1149","420107008000",1329A
"1150","420107008000",1328A
"1151","420103008000",1333A
"1152","420103008000",1334A
"1153","420103008000",1332A
"1154","420103008000",1325A
"1155","420103008000",1330A
"1156","420103008000",1327A
"1157","420103008000",1331A
"1158","420103008000",1326A
"1159","420103008000",1329A
"1160","420103008000",1328A
"1161","420102003000",1333A
"1162","420102003000",1334A
"1163","420102003000",1332A
"1164","420102003000",1325A
"1165","420102003000",1330A
"1166","420102003000",1327A
"1167","420102003000",1331A
"1168","420102003000",1326A
"1169","420102003000",1329A
"1170","420102003000",1328A
"1171","420117008000",1333A
"1172","420117008000",1334A
"1173","420117008000",1332A
"1174","420117008000",1325A
"1175","420117008000",1330A
"1176","420117008000",1327A
"1177","420117008000",1331A
"1178","420117008000",1326A
"1179","420117008000",1329A
"1180","420117008000",1328A
"1181","420114400000",1333A
"1182","420114400000",1334A
"1183","420114400000",1332A
"1184","420114400000",1325A
"1185","420114400000",1330A
"1186","420114400000",1327A
"1187","420114400000",1331A
"1188","420114400000",1326A
"1189","420114400000",1329A
"1190","420114400000",1328A
"1191","420105012000",1333A
"1192","420105012000",1334A
"1193","420105012000",1332A
"1194","420105012000",1325A
"1195","420105012000",1330A
"1196","420105012000",1327A
"1197","420105012000",1331A
"1198","420105012000",1326A
"1199","420105012000",1329A
"1200","420105012000",1328A
"1201","420105013000",1333A
"1202","420105013000",1334A
"1203","420105013000",1332A
"1204","420105013000",1325A
"1205","420105013000",1330A
"1206","420105013000",1327A
"1207","420105013000",1331A
"1208","420105013000",1326A
"1209","420105013000",1329A
"1210","420105013000",1328A
"1211","420106013000",1333A
"1212","420106013000",1334A
"1213","420106013000",1332A
"1214","420106013000",1325A
"1215","420106013000",1330A
"1216","420106013000",1327A
"1217","420106013000",1331A
"1218","420106013000",1326A
"1219","420106013000",1329A
"1220","420106013000",1328A
"1221","420111081000",1333A
"1222","420111081000",1334A
"1223","420111081000",1332A
"1224","420111081000",1325A
"1225","420111081000",1330A
"1226","420111081000",1327A
"1227","420111081000",1331A
"1228","420111081000",1326A
"1229","420111081000",1329A
"1230","420111081000",1328A
"1231","420111460000",1333A
"1232","420111460000",1334A
"1233","420111460000",1332A
"1234","420111460000",1325A
"1235","420111460000",1330A
"1236","420111460000",1327A
"1237","420111460000",1331A
"1238","420111460000",1326A
"1239","420111460000",1329A
"1240","420111460000",1328A
"1241","420116014000",1333A
"1242","420116014000",1334A
"1243","420116014000",1332A
"1244","420116014000",1325A
"1245","420116014000",1330A
"1246","420116014000",1327A
"1247","420116014000",1331A
"1248","420116014000",1326A
"1249","420116014000",1329A
"1250","420116014000",1328A
"1251","420116001000",1333A
"1252","420116001000",1334A
"1253","420116001000",1332A
"1254","420116001000",1325A
"1255","420116001000",1330A
"1256","420116001000",1327A
"1257","420116001000",1331A
"1258","420116001000",1326A
"1259","420116001000",1329A
"1260","420116001000",1328A
"1261","420116005000",1333A
"1262","420116005000",1334A
"1263","420116005000",1332A
"1264","420116005000",1325A
"1265","420116005000",1330A
"1266","420116005000",1327A
"1267","420116005000",1331A
"1268","420116005000",1326A
"1269","420116005000",1329A
"1270","420116005000",1328A
"1271","420116402000",1333A
"1272","420116402000",1334A
"1273","420116402000",1332A
"1274","420116402000",1325A
"1275","420116402000",1330A
"1276","420116402000",1327A
"1277","420116402000",1331A
"1278","420116402000",1326A
"1279","420116402000",1329A
"1280","420116402000",1328A
"1281","420102011000",1333A
"1282","420102011000",1334A
"1283","420102011000",1332A
"1284","420102011000",1325A
"1285","420102011000",1330A
"1286","420102011000",1327A
"1287","420102011000",1331A
"1288","420102011000",1326A
"1289","420102011000",1329A
"1290","420102011000",1328A
"1291","420102017000",1333A
"1292","420102017000",1334A
"1293","420102017000",1332A
"1294","420102017000",1325A
"1295","420102017000",1330A
"1296","420102017000",1327A
"1297","420102017000",1331A
"1298","420102017000",1326A
"1299","420102017000",1329A
"1300","420102017000",1328A
"1301","420102400000",1333A
"1302","420102400000",1334A
"1303","420102400000",1332A
"1304","420102400000",1325A
"1305","420102400000",1330A
"1306","420102400000",1327A
"1307","420102400000",1331A
"1308","420102400000",1326A
"1309","420102400000",1329A
"1310","420102400000",1328A
"1311","420115007000",1333A
"1312","420115007000",1334A
"1313","420115007000",1332A
"1314","420115007000",1325A
"1315","420115007000",1330A
"1316","420115007000",1327A
"1317","420115007000",1331A
"1318","420115007000",1326A
"1319","420115007000",1329A
"1320","420115007000",1328A
"1321","420115010000",1333A
"1322","420115010000",1334A
"1323","420115010000",1332A
"1324","420115010000",1325A
"1325","420115010000",1330A
"1326","420115010000",1327A
"1327","420115010000",1331A
"1328","420115010000",1326A
"1329","420115010000",1329A
"1330","420115010000",1328A
"1331","420115089000",1333A
"1332","420115089000",1334A
"1333","420115089000",1332A
"1334","420115089000",1325A
"1335","420115089000",1330A
"1336","420115089000",1327A
"1337","420115089000",1331A
"1338","420115089000",1326A
"1339","420115089000",1329A
"1340","420115089000",1328A
"1341","420115016000",1333A
"1342","420115016000",1334A
"1343","420115016000",1332A
"1344","420115016000",1325A
"1345","420115016000",1330A
"1346","420115016000",1327A
"1347","420115016000",1331A
"1348","420115016000",1326A
"1349","420115016000",1329A
"1350","420115016000",1328A
"1351","420115404000",1333A
"1352","420115404000",1334A
"1353","420115404000",1332A
"1354","420115404000",1325A
"1355","420115404000",1330A
"1356","420115404000",1327A
"1357","420115404000",1331A
"1358","420115404000",1326A
"1359","420115404000",1329A
"1360","420115404000",1328A
"1361","420115403000",1333A
"1362","420115403000",1334A
"1363","420115403000",1332A
"1364","420115403000",1325A
"1365","420115403000",1330A
"1366","420115403000",1327A
"1367","420115403000",1331A
"1368","420115403000",1326A
"1369","420115403000",1329A
"1370","420115403000",1328A
"1371","420115001000",1333A
"1372","420115001000",1334A
"1373","420115001000",1332A
"1374","420115001000",1325A
"1375","420115001000",1330A
"1376","420115001000",1327A
"1377","420115001000",1331A
"1378","420115001000",1326A
"1379","420115001000",1329A
"1380","420115001000",1328A
"1381","420115002000",1333A
"1382","420115002000",1334A
"1383","420115002000",1332A
"1384","420115002000",1325A
"1385","420115002000",1330A
"1386","420115002000",1327A
"1387","420115002000",1331A
"1388","420115002000",1326A
"1389","420115002000",1329A
"1390","420115002000",1328A
"1391","420115405000",1333A
"1392","420115405000",1334A
"1393","420115405000",1332A
"1394","420115405000",1325A
"1395","420115405000",1330A
"1396","420115405000",1327A
"1397","420115405000",1331A
"1398","420115405000",1326A
"1399","420115405000",1329A
"1400","420115405000",1328A
"1401","420111001000",1333A
"1402","420111001000",1334A
"1403","420111001000",1332A
"1404","420111001000",1325A
"1405","420111001000",1330A
"1406","420111001000",1327A
"1407","420111001000",1331A
"1408","420111001000",1326A
"1409","420111001000",1329A
"1410","420111001000",1328A
"1411","420111083000",1333A
"1412","420111083000",1334A
"1413","420111083000",1332A
"1414","420111083000",1325A
"1415","420111083000",1330A
"1416","420111083000",1327A
"1417","420111083000",1331A
"1418","420111083000",1326A
"1419","420111083000",1329A
"1420","420111083000",1328A
"1421","420105004000",1333A
"1422","420105004000",1334A
"1423","420105004000",1332A
"1424","420105004000",1325A
"1425","420105004000",1330A
"1426","420105004000",1327A
"1427","420105004000",1331A
"1428","420105004000",1326A
"1429","420105004000",1329A
"1430","420105004000",1328A
"1431","420105002000",1333A
"1432","420105002000",1334A
"1433","420105002000",1332A
"1434","420105002000",1325A
"1435","420105002000",1330A
"1436","420105002000",1327A
"1437","420105002000",1331A
"1438","420105002000",1326A
"1439","420105002000",1329A
"1440","420105002000",1328A
"1441","420111491000",1333A
"1442","420111491000",1334A
"1443","420111491000",1332A
"1444","420111491000",1325A
"1445","420111491000",1330A
"1446","420111491000",1327A
"1447","420111491000",1331A
"1448","420111491000",1326A
"1449","420111491000",1329A
"1450","420111491000",1328A
"1451","420115401000",1333A
"1452","420115401000",1334A
"1453","420115401000",1332A
"1454","420115401000",1325A
"1455","420115401000",1330A
"1456","420115401000",1327A
"1457","420115401000",1331A
"1458","420115401000",1326A
"1459","420115401000",1329A
"1460","420115401000",1328A
"1461","420107009000",1333A
"1462","420107009000",1334A
"1463","420107009000",1332A
"1464","420107009000",1325A
"1465","420107009000",1330A
"1466","420107009000",1327A
"1467","420107009000",1331A
"1468","420107009000",1326A
"1469","420107009000",1329A
"1470","420107009000",1328A
"1471","420106490000",1333A
"1472","420106490000",1334A
"1473","420106490000",1332A
"1474","420106490000",1325A
"1475","420106490000",1330A
"1476","420106490000",1327A
"1477","420106490000",1331A
"1478","420106490000",1326A
"1479","420106490000",1329A
"1480","420106490000",1328A
"1481","420107007000",1333A
"1482","420107007000",1334A
"1483","420107007000",1332A
"1484","420107007000",1325A
"1485","420107007000",1330A
"1486","420107007000",1327A
"1487","420107007000",1331A
"1488","420107007000",1326A
"1489","420107007000",1329A
"1490","420107007000",1328A
"1491","420111082000",1333A
"1492","420111082000",1334A
"1493","420111082000",1332A
"1494","420111082000",1325A
"1495","420111082000",1330A
"1496","420111082000",1327A
"1497","420111082000",1331A
"1498","420111082000",1326A
"1499","420111082000",1329A
"1500","420111082000",1328A
"1501","420114002000",1333A
"1502","420114002000",1334A
"1503","420114002000",1332A
"1504","420114002000",1325A
"1505","420114002000",1330A
"1506","420114002000",1327A
"1507","420114002000",1331A
"1508","420114002000",1326A
"1509","420114002000",1329A
"1510","420114002000",1328A
"1511","420114006000",1333A
"1512","420114006000",1334A
"1513","420114006000",1332A
"1514","420114006000",1325A
"1515","420114006000",1330A
"1516","420114006000",1327A
"1517","420114006000",1331A
"1518","420114006000",1326A
"1519","420114006000",1329A
"1520","420114006000",1328A
"1521","420114008000",1333A
"1522","420114008000",1334A
"1523","420114008000",1332A
"1524","420114008000",1325A
"1525","420114008000",1330A
"1526","420114008000",1327A
"1527","420114008000",1331A
"1528","420114008000",1326A
"1529","420114008000",1329A
"1530","420114008000",1328A
"1531","420111006000",1333A
"1532","420111006000",1334A
"1533","420111006000",1332A
"1534","420111006000",1325A
"1535","420111006000",1330A
"1536","420111006000",1327A
"1537","420111006000",1331A
"1538","420111006000",1326A
"1539","420111006000",1329A
"1540","420111006000",1328A
"1541","420105010000",1333A
"1542","420105010000",1334A
"1543","420105010000",1332A
"1544","420105010000",1325A
"1545","420105010000",1330A
"1546","420105010000",1327A
"1547","420105010000",1331A
"1548","420105010000",1326A
"1549","420105010000",1329A
"1550","420105010000",1328A
"1551","420105009000",1333A
"1552","420105009000",1334A
"1553","420105009000",1332A
"1554","420105009000",1325A
"1555","420105009000",1330A
"1556","420105009000",1327A
"1557","420105009000",1331A
"1558","420105009000",1326A
"1559","420105009000",1329A
"1560","420105009000",1328A
"1561","420105008000",1333A
"1562","420105008000",1334A
"1563","420105008000",1332A
"1564","420105008000",1325A
"1565","420105008000",1330A
"1566","420105008000",1327A
"1567","420105008000",1331A
"1568","420105008000",1326A
"1569","420105008000",1329A
"1570","420105008000",1328A
"1571","420111003000",1333A
"1572","420111003000",1334A
"1573","420111003000",1332A
"1574","420111003000",1325A
"1575","420111003000",1330A
"1576","420111003000",1327A
"1577","420111003000",1331A
"1578","420111003000",1326A
"1579","420111003000",1329A
"1580","420111003000",1328A
"1581","420106011000",1333A
"1582","420106011000",1334A
"1583","420106011000",1332A
"1584","420106011000",1325A
"1585","420106011000",1330A
"1586","420106011000",1327A
"1587","420106011000",1331A
"1588","420106011000",1326A
"1589","420106011000",1329A
"1590","420106011000",1328A
"1591","420106012000",1333A
"1592","420106012000",1334A
"1593","420106012000",1332A
"1594","420106012000",1325A
"1595","420106012000",1330A
"1596","420106012000",1327A
"1597","420106012000",1331A
"1598","420106012000",1326A
"1599","420106012000",1329A
"1600","420106012000",1328A
"1601","420111205000",1333A
"1602","420111205000",1334A
"1603","420111205000",1332A
"1604","420111205000",1325A
"1605","420111205000",1330A
"1606","420111205000",1327A
"1607","420111205000",1331A
"1608","420111205000",1326A
"1609","420111205000",1329A
"1610","420111205000",1328A
"1611","420116201000",1333A
"1612","420116201000",1334A
"1613","420116201000",1332A
"1614","420116201000",1325A
"1615","420116201000",1330A
"1616","420116201000",1327A
"1617","420116201000",1331A
"1618","420116201000",1326A
"1619","420116201000",1329A
"1620","420116201000",1328A
"1621","420114001000",1333A
"1622","420114001000",1334A
"1623","420114001000",1332A
"1624","420114001000",1325A
"1625","420114001000",1330A
"1626","420114001000",1327A
"1627","420114001000",1331A
"1628","420114001000",1326A
"1629","420114001000",1329A
"1630","420114001000",1328A
"1631","420106003000",1333A
"1632","420106003000",1334A
"1633","420106003000",1332A
"1634","420106003000",1325A
"1635","420106003000",1330A
"1636","420106003000",1327A
"1637","420106003000",1331A
"1638","420106003000",1326A
"1639","420106003000",1329A
"1640","420106003000",1328A
"1641","420111008000",1333A
"1642","420111008000",1334A
"1643","420111008000",1332A
"1644","420111008000",1325A
"1645","420111008000",1330A
"1646","420111008000",1327A
"1647","420111008000",1331A
"1648","420111008000",1326A
"1649","420111008000",1329A
"1650","420111008000",1328A
"1651","420106002000",1333A
"1652","420106002000",1334A
"1653","420106002000",1332A
"1654","420106002000",1325A
"1655","420106002000",1330A
"1656","420106002000",1327A
"1657","420106002000",1331A
"1658","420106002000",1326A
"1659","420106002000",1329A
"1660","420106002000",1328A
"1661","420111005000",1333A
"1662","420111005000",1334A
"1663","420111005000",1332A
"1664","420111005000",1325A
"1665","420111005000",1330A
"1666","420111005000",1327A
"1667","420111005000",1331A
"1668","420111005000",1326A
"1669","420111005000",1329A
"1670","420111005000",1328A
"1671","420111007000",1333A
"1672","420111007000",1334A
"1673","420111007000",1332A
"1674","420111007000",1325A
"1675","420111007000",1330A
"1676","420111007000",1327A
"1677","420111007000",1331A
"1678","420111007000",1326A
"1679","420111007000",1329A
"1680","420111007000",1328A
"1681","420111007000",1333A
"1682","420111007000",1334A
"1683","420111007000",1332A
"1684","420111007000",1325A
"1685","420111007000",1330A
"1686","420111007000",1327A
"1687","420111007000",1331A
"1688","420111007000",1326A
"1689","420111007000",1329A
"1690","420111007000",1328A
"1691","420115080000",1333A
"1692","420115080000",1334A
"1693","420115080000",1332A
"1694","420115080000",1325A
"1695","420115080000",1330A
"1696","420115080000",1327A
"1697","420115080000",1331A
"1698","420115080000",1326A
"1699","420115080000",1329A
"1700","420115080000",1328A
"1701","420115402000",1333A
"1702","420115402000",1334A
"1703","420115402000",1332A
"1704","420115402000",1325A
"1705","420115402000",1330A
"1706","420115402000",1327A
"1707","420115402000",1331A
"1708","420115402000",1326A
"1709","420115402000",1329A
"1710","420115402000",1328A
"1711","420115086000",1333A
"1712","420115086000",1334A
"1713","420115086000",1332A
"1714","420115086000",1325A
"1715","420115086000",1330A
"1716","420115086000",1327A
"1717","420115086000",1331A
"1718","420115086000",1326A
"1719","420115086000",1329A
"1720","420115086000",1328A
"1721","420111080000",1333A
"1722","420111080000",1334A
"1723","420111080000",1332A
"1724","420111080000",1325A
"1725","420111080000",1330A
"1726","420111080000",1327A
"1727","420111080000",1331A
"1728","420111080000",1326A
"1729","420111080000",1329A
"1730","420111080000",1328A
"1731","420111080000",1333A
"1732","420111080000",1334A
"1733","420111080000",1332A
"1734","420111080000",1325A
"1735","420111080000",1330A
"1736","420111080000",1327A
"1737","420111080000",1331A
"1738","420111080000",1326A
"1739","420111080000",1329A
"1740","420111080000",1328A
"1741","420111002000",1333A
"1742","420111002000",1334A
"1743","420111002000",1332A
"1744","420111002000",1325A
"1745","420111002000",1330A
"1746","420111002000",1327A
"1747","420111002000",1331A
"1748","420111002000",1326A
"1749","420111002000",1329A
"1750","420111002000",1328A
"1751","420111002000",1333A
"1752","420111002000",1334A
"1753","420111002000",1332A
"1754","420111002000",1325A
"1755","420111002000",1330A
"1756","420111002000",1327A
"1757","420111002000",1331A
"1758","420111002000",1326A
"1759","420111002000",1329A
"1760","420111002000",1328A
